{
  "vertices": [
    [0.25, 0.32274861218395146, 0.45643546458763845, 0.7905694150420948],
    [0.25, 0.32274861218395146, 0.45643546458763845, -0.7905694150420948],
    [0.24999999999999994, 0.3227486121839514, -0.9128709291752768, 0.0],
    [0.25, -0.9682458365518541, 0.0, 0.0],
    [-1.0, 0.0, 0.0, 0.0]
  ],
  "faces": [
    [2, 1, 0],
    [3, 1, 0],
    [4, 1, 0],
    [3, 2, 0],
    [4, 2, 0],
    [4, 3, 0],
    [3, 2, 1],
    [4, 2, 1],
    [4, 3, 1],
    [4, 3, 2]
  ],
  "volumes": [
    [0, 1, 3, 6],
    [0, 2, 4, 7],
    [1, 2, 5, 8],
    [3, 4, 5, 9],
    [6, 7, 8, 9]
  ],
  "optimalThickness": 0.051339332670652896
}
