{
  "vertices": [
    [0.7071067811817828, -0.7071067811817828, 0.0],
    [0.6123724357026717, -0.7071067811817828, 0.3535533905908914],
    [0.3535533905908914, -0.7071067811817828, 0.6123724357026717],
    [0.0, -0.7071067811817828, 0.7071067811817828],
    [-0.3535533905908914, -0.7071067811817828, 0.6123724357026717],
    [-0.6123724357026717, -0.7071067811817828, 0.3535533905908914],
    [-0.7071067811817828, -0.7071067811817828, 0.0],
    [-0.6123724357026717, -0.7071067811817828, -0.3535533905908914],
    [-0.3535533905908914, -0.7071067811817828, -0.6123724357026717],
    [-0.0, -0.7071067811817828, -0.7071067811817828],
    [0.3535533905908914, -0.7071067811817828, -0.6123724357026717],
    [0.6123724357026717, -0.7071067811817828, -0.3535533905908914],
    [0.0, 0.7071067811817828, 0.0]
  ],
  "faces": [
    [0, 12, 1],
    [1, 12, 2],
    [2, 12, 3],
    [3, 12, 4],
    [4, 12, 5],
    [5, 12, 6],
    [6, 12, 7],
    [7, 12, 8],
    [8, 12, 9],
    [9, 12, 10],
    [10, 12, 11],
    [11, 12, 0],
    [0, 1, 2, 3, 4, 5, 6, 7, 8, 9, 10, 11]
  ]
}
