{
  "vertices": [
    [-0.5773502691896258, -0.5773502691896258, -0.5773502691896258],
    [0.5773502691896258, -0.5773502691896258, -0.5773502691896258],
    [-0.5773502691896258, 0.5773502691896258, -0.5773502691896258],
    [-0.5773502691896258, -0.5773502691896258, 0.5773502691896258],
    [0.5773502691896258, 0.5773502691896258, -0.5773502691896258],
    [0.5773502691896258, -0.5773502691896258, 0.5773502691896258],
    [-0.5773502691896258, 0.5773502691896258, 0.5773502691896258],
    [0.5773502691896258, 0.5773502691896258, 0.5773502691896258]
  ],
  "faces": [
    [0, 1, 4, 2],
    [0, 1, 5, 3],
    [0, 2, 6, 3],
    [1, 4, 7, 5],
    [2, 4, 7, 6],
    [3, 5, 7, 6]
  ]
}
