{
  "vertices": [
    [-0.5773502691896258, -0.5773502691896258, -0.5773502691896258],
    [0.5773502691896258, -0.5773502691896258, -0.5773502691896258],
    [-0.5773502691896258, 0.5773502691896258, -0.5773502691896258],
    [-0.5773502691896258, -0.5773502691896258, 0.5773502691896258],
    [0.5773502691896258, 0.5773502691896258, -0.5773502691896258],
    [0.5773502691896258, -0.5773502691896258, 0.5773502691896258],
    [-0.5773502691896258, 0.5773502691896258, 0.5773502691896258],
    [0.5773502691896258, 0.5773502691896258, 0.5773502691896258]
  ],
  "edges": [
    [0, 1],
    [0, 2],
    [0, 3],
    [1, 4],
    [1, 5],
    [2, 4],
    [2, 6],
    [3, 5],
    [3, 6],
    [4, 7],
    [5, 7],
    [6, 7]
  ],
  "faces": [
    [0, 1, 4, 2],
    [0, 1, 5, 3],
    [0, 2, 6, 3],
    [1, 4, 7, 5],
    [2, 4, 7, 6],
    [3, 5, 7, 6]
  ]
}
