{
  "vertices": [
    [-0.5773502691896258, -0.5773502691896258, -0.5773502691896258],
    [0.0, -0.35682208977308993, -0.9341723589627158],
    [-0.35682208977308993, -0.9341723589627158, 0.0],
    [-0.9341723589627158, 0.0, -0.35682208977308993],
    [0.5773502691896258, -0.5773502691896258, -0.5773502691896258],
    [-0.5773502691896258, 0.5773502691896258, -0.5773502691896258],
    [-0.5773502691896258, -0.5773502691896258, 0.5773502691896258],
    [0.0, 0.35682208977308993, -0.9341723589627158],
    [0.0, -0.35682208977308993, 0.9341723589627158],
    [0.35682208977308993, -0.9341723589627158, 0.0],
    [-0.35682208977308993, 0.9341723589627158, 0.0],
    [0.9341723589627158, 0.0, -0.35682208977308993],
    [-0.9341723589627158, 0.0, 0.35682208977308993],
    [0.5773502691896258, 0.5773502691896258, -0.5773502691896258],
    [0.5773502691896258, -0.5773502691896258, 0.5773502691896258],
    [-0.5773502691896258, 0.5773502691896258, 0.5773502691896258],
    [0.0, 0.35682208977308993, 0.9341723589627158],
    [0.35682208977308993, 0.9341723589627158, 0.0],
    [0.9341723589627158, 0.0, 0.35682208977308993],
    [0.5773502691896258, 0.5773502691896258, 0.5773502691896258]
  ],
  "faces": [
    [0, 1, 4, 9, 2],
    [0, 1, 7, 5, 3],
    [0, 2, 6, 12, 3],
    [1, 4, 11, 13, 7],
    [2, 6, 8, 14, 9],
    [3, 5, 10, 15, 12],
    [4, 9, 14, 18, 11],
    [5, 7, 13, 17, 10],
    [6, 8, 16, 15, 12],
    [8, 14, 18, 19, 16],
    [10, 15, 16, 19, 17],
    [11, 13, 17, 19, 18]
  ]
}
