{
  "vertices": [
    [0.0, -0.5257311121191336, -0.85065080835204],
    [-0.5257311121191336, -0.85065080835204, 0.0],
    [-0.85065080835204, 0.0, -0.5257311121191336],
    [0.0, 0.5257311121191336, -0.85065080835204],
    [0.0, -0.5257311121191336, 0.85065080835204],
    [0.5257311121191336, -0.85065080835204, 0.0],
    [-0.5257311121191336, 0.85065080835204, 0.0],
    [0.85065080835204, 0.0, -0.5257311121191336],
    [-0.85065080835204, 0.0, 0.5257311121191336],
    [0.0, 0.5257311121191336, 0.85065080835204],
    [0.5257311121191336, 0.85065080835204, 0.0],
    [0.85065080835204, 0.0, 0.5257311121191336]
  ],
  "edges": [
    [0, 1],
    [0, 2],
    [0, 3],
    [0, 5],
    [0, 7],
    [1, 2],
    [1, 4],
    [1, 5],
    [1, 8],
    [2, 3],
    [2, 6],
    [2, 8],
    [3, 6],
    [3, 7],
    [3, 10],
    [4, 5],
    [4, 8],
    [4, 9],
    [4, 11],
    [5, 7],
    [5, 11],
    [6, 8],
    [6, 9],
    [6, 10],
    [7, 10],
    [7, 11],
    [8, 9],
    [9, 10],
    [9, 11],
    [10, 11]
  ],
  "faces": [
    [0, 1, 2],
    [0, 1, 5],
    [0, 2, 3],
    [0, 3, 7],
    [0, 5, 7],
    [1, 2, 8],
    [1, 4, 5],
    [1, 4, 8],
    [2, 3, 6],
    [2, 6, 8],
    [3, 6, 10],
    [3, 7, 10],
    [4, 5, 11],
    [4, 8, 9],
    [4, 9, 11],
    [5, 7, 11],
    [6, 8, 9],
    [6, 9, 10],
    [7, 10, 11],
    [9, 10, 11]
  ]
}
