{
  "vertices": [
    [0.5773502691896258, 0.5773502691896258, 0.5773502691896258],
    [0.5773502691896258, -0.5773502691896258, -0.5773502691896258],
    [-0.5773502691896258, 0.5773502691896258, -0.5773502691896258],
    [-0.5773502691896258, -0.5773502691896258, 0.5773502691896258]
  ],
  "faces": [
    [0, 1, 2],
    [0, 1, 3],
    [0, 2, 3],
    [1, 2, 3]
  ]
}
